{"cameraMode":{"drawMode":0,"name":"Shaded","section":"Shading Mode"},"sceneLighting":false,"audioPlay":false,"sceneViewState":{"m_AlwaysRefresh":false,"showFog":true,"showSkybox":false,"showFlares":true,"showImageEffects":true,"showParticleSystems":true,"showVisualEffectGraphs":true,"m_FxEnabled":true},"in2DMode":false,"pivot":{"x":0.17934082448482514,"y":0.025194883346557618,"z":-0.4213188588619232},"rotation":{"x":0.1535033881664276,"y":-0.5281361937522888,"z":0.0977419763803482,"w":0.8294315338134766},"size":1.1885896921157838,"orthographic":false}