{"cameraMode":{"drawMode":0,"name":"Shaded","section":"Shading Mode"},"sceneLighting":true,"audioPlay":false,"sceneViewState":{"m_AlwaysRefresh":false,"showFog":true,"showSkybox":true,"showFlares":true,"showImageEffects":true,"showParticleSystems":true,"showVisualEffectGraphs":true,"m_FxEnabled":true},"in2DMode":false,"pivot":{"x":-0.7079571485519409,"y":-0.5866518616676331,"z":2.0175912380218508},"rotation":{"x":-0.07357426732778549,"y":-0.7899447083473206,"z":0.09669936448335648,"w":-0.6010101437568665},"size":0.05139066278934479,"orthographic":false}