{"cameraMode":{"drawMode":0,"name":"Shaded","section":"Shading Mode"},"sceneLighting":true,"audioPlay":false,"sceneViewState":{"m_AlwaysRefresh":false,"showFog":true,"showSkybox":true,"showFlares":true,"showImageEffects":true,"showParticleSystems":true,"showVisualEffectGraphs":true,"m_FxEnabled":true},"in2DMode":false,"pivot":{"x":4.257857322692871,"y":-0.05681252479553223,"z":-0.09815549105405808},"rotation":{"x":0.22894994914531709,"y":-0.5401924252510071,"z":0.15562643110752107,"w":0.7947033643722534},"size":1.2011245489120484,"orthographic":false}