{"cameraMode":{"drawMode":0,"name":"Shaded","section":"Shading Mode"},"sceneLighting":true,"audioPlay":false,"sceneViewState":{"m_AlwaysRefresh":false,"showFog":true,"showSkybox":true,"showFlares":true,"showImageEffects":true,"showParticleSystems":true,"showVisualEffectGraphs":true,"m_FxEnabled":true},"in2DMode":false,"pivot":{"x":0.5971405506134033,"y":-0.004185865633189678,"z":4.195690155029297},"rotation":{"x":-0.027495255693793298,"y":-0.9711715579032898,"z":0.1396416872739792,"w":-0.19120477139949799},"size":0.05139066278934479,"orthographic":false}