{"cameraMode":{"drawMode":0,"name":"Shaded","section":"Shading Mode"},"sceneLighting":false,"audioPlay":false,"sceneViewState":{"m_AlwaysRefresh":false,"showFog":true,"showSkybox":false,"showFlares":true,"showImageEffects":true,"showParticleSystems":true,"showVisualEffectGraphs":true,"m_FxEnabled":true},"in2DMode":false,"pivot":{"x":-0.000034332275390625,"y":0.3460381031036377,"z":-0.5040744543075562},"rotation":{"x":-0.05438333749771118,"y":-0.9449440240859985,"z":0.20913344621658326,"w":-0.24571214616298676},"size":0.9179444909095764,"orthographic":false}