{"cameraMode":{"drawMode":0,"name":"Shaded","section":"Shading Mode"},"sceneLighting":false,"audioPlay":false,"sceneViewState":{"m_AlwaysRefresh":false,"showFog":true,"showSkybox":false,"showFlares":true,"showImageEffects":true,"showParticleSystems":true,"showVisualEffectGraphs":true,"m_FxEnabled":true},"in2DMode":false,"pivot":{"x":0.0001710653305053711,"y":-0.021516889333724977,"z":5.960464477539063e-8},"rotation":{"x":-0.01184761617332697,"y":-0.973667323589325,"z":0.2216263860464096,"w":-0.052037425339221957},"size":0.7401976585388184,"orthographic":false}